1001,ΔΗΜΟΣ,ΔΟΞΑΤΟΥ,10
1003,ΔΗΜΟΣ,ΚΑΛΑΜΠΑΚΙΟΥ,10
1002,ΔΗΜΟΣ,ΔΡΑΜΑΣ,10
1008,ΚΟΙΝ.,ΣΙΔΗΡΟΝΕΡΟΥ,10
1004,ΔΗΜΟΣ,ΚΑΤΩ ΝΕΥΡΟΚΟΠΙΟΥ,10
1005,ΔΗΜΟΣ,ΝΙΚΗΦΟΡΟΥ,10
1006,ΔΗΜΟΣ,ΠΑΡΑΝΕΣΤΙΟΥ,10
1007,ΔΗΜΟΣ,ΠΡΟΣΟΤΣΑΝΗΣ,10
1009,ΔΗΜΟΣ,ΣΙΤΑΓΡΩΝ,10
1301,ΔΗΜΟΣ,ΑΛΕΞΑΝΔΡΟΥΠΟΛΗΣ,13
1311,ΔΗΜΟΣ,ΤΡΙΓΩΝΟΥ,13
1312,ΔΗΜΟΣ,ΤΥΧΕΡΟΥ,13
1309,ΔΗΜΟΣ,ΣΟΥΦΛΙΟΥ,13
1313,ΔΗΜΟΣ,ΦΕΡΩΝ,13
1303,ΔΗΜΟΣ,ΔΙΔΥΜΟΤΕΙΧΟΥ,13
1305,ΔΗΜΟΣ,ΜΕΤΑΞΑΔΩΝ,13
1310,ΔΗΜΟΣ,ΤΡΑΪΑΝΟΥΠΟΛΗΣ,13
1302,ΔΗΜΟΣ,ΒΥΣΣΑΣ,13
1304,ΔΗΜΟΣ,ΚΥΠΡΙΝΟΥ,13
1308,ΔΗΜΟΣ,ΣΑΜΟΘΡΑΚΗΣ,13
1307,ΔΗΜΟΣ,ΟΡΦΕΑ,13
1306,ΔΗΜΟΣ,ΟΡΕΣΤΙΑΔΟΣ,13
2303,ΔΗΜΟΣ,ΘΑΣΟΥ,23
2304,ΔΗΜΟΣ,ΚΑΒΑΛΑΣ,23
2310,ΔΗΜΟΣ,ΦΙΛΙΠΠΩΝ,23
2305,ΔΗΜΟΣ,ΚΕΡΑΜΩΤΗΣ,23
2306,ΔΗΜΟΣ,ΟΡΕΙΝΟΥ,23
2311,ΔΗΜΟΣ,ΧΡΥΣΟΥΠΟΛΗΣ,23
2301,ΔΗΜΟΣ,ΕΛΕΥΘΕΡΟΥΠΟΛΗΣ,23
2302,ΔΗΜΟΣ,ΕΛΕΥΘΕΡΩΝ,23
2307,ΔΗΜΟΣ,ΟΡΦΑΝΟΥ,23
2308,ΔΗΜΟΣ,ΠΑΓΓΑΙΟΥ,23
2309,ΔΗΜΟΣ,ΠΙΕΡΕΩΝ,23
3901,ΔΗΜΟΣ,ΑΒΔΗΡΩΝ,39
3902,ΔΗΜΟΣ,ΒΙΣΤΩΝΙΔΟΣ,39
3909,ΔΗΜΟΣ,ΣΤΑΥΡΟΥΠΟΛΗΣ,39
3903,ΚΟΙΝ.,ΘΕΡΜΩΝ,39
3904,ΚΟΙΝ.,ΚΟΤΥΛΗΣ,39
3905,ΔΗΜΟΣ,ΜΥΚΗΣ,39
3906,ΔΗΜΟΣ,ΞΑΝΘΗΣ,39
3908,ΔΗΜΟΣ,ΣΕΛΕΡΟΥ,39
3907,ΚΟΙΝ.,ΣΑΤΡΩΝ,39
3910,ΔΗΜΟΣ,ΤΟΠΕΙΡΟΥ,39
4503,ΔΗΜΟΣ,ΑΡΡΙΑΝΩΝ,45
4505,ΚΟΙΝ.,ΚΕΧΡΟΥ,45
4509,ΚΟΙΝ.,ΟΡΓΑΝΗΣ,45
4512,ΔΗΜΟΣ,ΦΙΛΛΥΡΑΣ,45
4502,ΚΟΙΝ.,ΑΜΑΞΑΔΩΝ,45
4504,ΔΗΜΟΣ,ΙΑΣΜΟΥ,45
4511,ΔΗΜΟΣ,ΣΩΣΤΟΥ,45
4501,ΔΗΜΟΣ,ΑΙΓΕΙΡΟΥ,45
4506,ΔΗΜΟΣ,ΚΟΜΟΤΗΝΗΣ,45
4508,ΔΗΜΟΣ,ΝΕΟΥ ΣΙΔΗΡΟΧΩΡΙΟΥ,45
4507,ΔΗΜΟΣ,ΜΑΡΩΝΕΙΑΣ,45
4510,ΔΗΜΟΣ,ΣΑΠΩΝ,45
1801,ΔΗΜΟΣ,ΑΛΕΞΑΝΔΡΕΙΑΣ,18
1803,ΔΗΜΟΣ,ΑΝΤΙΓΟΝΙΔΩΝ,18
1810,ΔΗΜΟΣ,ΜΕΛΙΚΗΣ,18
1812,ΔΗΜΟΣ,ΠΛΑΤΕΟΣ,18
1804,ΔΗΜΟΣ,ΑΠΟΣΤΟΛΟΥ ΠΑΥΛΟΥ,18
1805,ΔΗΜΟΣ,ΒΕΡΓΙΝΑΣ,18
1806,ΔΗΜΟΣ,ΒΕΡΟΙΑΣ,18
1807,ΔΗΜΟΣ,ΔΟΒΡΑ,18
1809,ΔΗΜΟΣ,ΜΑΚΕΔΟΝΙΔΟΣ,18
1802,ΔΗΜΟΣ,ΑΝΘΕΜΙΩΝ,18
1808,ΔΗΜΟΣ,ΕΙΡΗΝΟΥΠΟΛΗΣ,18
1811,ΔΗΜΟΣ,ΝΑΟΥΣΑΣ,18
2104,ΔΗΜΟΣ,ΑΜΠΕΛΟΚΗΠΩΝ,21
2128,ΔΗΜΟΣ,ΜΕΝΕΜΕΝΗΣ,21
2102,ΔΗΜΟΣ,ΑΓΙΟΥ ΓΕΩΡΓΙΟΥ,21
2106,ΔΗΜΟΣ,ΑΠΟΛΛΩΝΙΑΣ,21
2107,ΔΗΜΟΣ,ΑΡΕΘΟΥΣΑΣ,21
2111,ΔΗΜΟΣ,ΕΓΝΑΤΙΑΣ,21
2127,ΔΗΜΟΣ,ΜΑΔΥΤΟΥ,21
2137,ΔΗΜΟΣ,ΡΕΝΤΙΝΑΣ,21
2105,ΔΗΜΟΣ,ΑΞΙΟΥ,21
2116,ΔΗΜΟΣ,ΕΧΕΔΩΡΟΥ,21
2142,ΔΗΜΟΣ,ΧΑΛΑΣΤΡΑΣ,21
2113,ΔΗΜΟΣ,ΕΠΑΝΟΜΗΣ,21
2117,ΔΗΜΟΣ,ΘΕΡΜΑΪΚΟΥ,21
2129,ΔΗΜΟΣ,ΜΗΧΑΝΙΩΝΑΣ,21
2109,ΔΗΜΟΣ,ΒΑΣΙΛΙΚΩΝ,21
2118,ΔΗΜΟΣ,ΘΕΡΜΗΣ,21
2130,ΔΗΜΟΣ,ΜΙΚΡΑΣ,21
2119,ΔΗΜΟΣ,ΘΕΣΣΑΛΟΝΙΚΗΣ,21
2141,ΔΗΜΟΣ,ΤΡΙΑΝΔΡΙΑΣ,21
2120,ΔΗΜΟΣ,ΚΑΛΑΜΑΡΙΑΣ,21
2112,ΔΗΜΟΣ,ΕΛΕΥΘΕΡΙΟΥ-ΚΟΡΔΕΛΙΟΥ,21
2115,ΔΗΜΟΣ,ΕΥΟΣΜΟΥ,21
2108,ΔΗΜΟΣ,ΑΣΣΗΡΟΥ,21
2110,ΔΗΜΟΣ,ΒΕΡΤΙΣΚΟΥ,21
2122,ΔΗΜΟΣ,ΚΑΛΙΝΔΟΙΩΝ,21
2123,ΔΗΜΟΣ,ΚΟΡΩΝΕΙΑΣ,21
2125,ΔΗΜΟΣ,ΛΑΓΚΑΔΑ,21
2126,ΔΗΜΟΣ,ΛΑΧΑΝΑ,21
2138,ΔΗΜΟΣ,ΣΟΧΟΥ,21
2103,ΔΗΜΟΣ,ΑΓΙΟΥ ΠΑΥΛΟΥ,21
2132,ΔΗΜΟΣ,ΝΕΑΠΟΛΕΩΣ,21
2134,ΔΗΜΟΣ,ΠΕΥΚΩΝ,21
2140,ΔΗΜΟΣ,ΣΥΚΕΩΝ,21
2114,ΔΗΜΟΣ,ΕΥΚΑΡΠΙΑΣ,21
2135,ΔΗΜΟΣ,ΠΟΛΙΧΝΗΣ,21
2139,ΔΗΜΟΣ,ΣΤΑΥΡΟΥΠΟΛΕΩΣ,21
2133,ΔΗΜΟΣ,ΠΑΝΟΡΑΜΑΤΟΣ,21
2136,ΔΗΜΟΣ,ΠΥΛΑΙΑΣ,21
2144,ΔΗΜΟΣ,ΧΟΡΤΙΑΤΗ,21
2101,ΔΗΜΟΣ,ΑΓΙΟΥ ΑΘΑΝΑΣΙΟΥ,21
2124,ΔΗΜΟΣ,ΚΟΥΦΑΛΙΩΝ,21
2143,ΔΗΜΟΣ,ΧΑΛΚΗΔΟΝΟΣ,21
2121,ΔΗΜΟΣ,ΚΑΛΛΙΘΕΑΣ,21
2131,ΔΗΜΟΣ,ΜΥΓΔΟΝΙΑΣ,21
2145,ΔΗΜΟΣ,ΩΡΑΙΟΚΑΣΤΡΟΥ,21
2802,ΔΗΜΟΣ,ΓΑΛΛΙΚΟΥ,28
2804,ΔΗΜΟΣ,ΔΟΪΡΑΝΗΣ,28
2806,ΔΗΜΟΣ,ΚΙΛΚΙΣ,28
2807,ΔΗΜΟΣ,ΚΡΟΥΣΣΩΝ,28
2809,ΔΗΜΟΣ,ΜΟΥΡΙΩΝ,28
2810,ΔΗΜΟΣ,ΠΙΚΡΟΛΙΜΝΗΣ,28
2812,ΔΗΜΟΣ,ΧΕΡΣΟΥ,28
2801,ΔΗΜΟΣ,ΑΞΙΟΥΠΟΛΗΣ,28
2803,ΔΗΜΟΣ,ΓΟΥΜΕΝΙΣΣΑΣ,28
2805,ΔΗΜΟΣ,ΕΥΡΩΠΟΥ,28
2808,ΚΟΙΝ.,ΛΙΒΑΔΙΩΝ,28
2811,ΔΗΜΟΣ,ΠΟΛΥΚΑΣΤΡΟΥ,28
4101,ΔΗΜΟΣ,ΑΡΙΔΑΙΑΣ,41
4105,ΔΗΜΟΣ,ΕΞΑΠΛΑΤΑΝΟΥ,41
4102,ΔΗΜΟΣ,ΒΕΓΟΡΙΤΙΔΑΣ,41
4104,ΔΗΜΟΣ,ΕΔΕΣΣΑΣ,41
4103,ΔΗΜΟΣ,ΓΙΑΝΝΙΤΣΩΝ,41
4106,ΔΗΜΟΣ,ΚΡΥΑΣ ΒΡΥΣΗΣ,41
4107,ΔΗΜΟΣ,ΚΥΡΡΟΥ,41
4108,ΔΗΜΟΣ,ΜΕΓΑΛΟΥ ΑΛΕΞΑΝΔΡΟΥ,41
4110,ΔΗΜΟΣ,ΠΕΛΛΑΣ,41
4109,ΔΗΜΟΣ,ΜΕΝΗΙΔΟΣ,41
4111,ΔΗΜΟΣ,ΣΚΥΔΡΑΣ,41
4202,ΔΗΜΟΣ,ΑΝΑΤΟΛΙΚΟΥ ΟΛΥΜΠΟΥ,42
4203,ΔΗΜΟΣ,ΔΙΟΥ,42
4208,ΔΗΜΟΣ,ΛΙΤΟΧΩΡΟΥ,42
4204,ΔΗΜΟΣ,ΕΛΑΦΙΝΑΣ,42
4205,ΔΗΜΟΣ,ΚΑΤΕΡΙΝΗΣ,42
4207,ΔΗΜΟΣ,ΚΟΡΙΝΟΥ,42
4210,ΔΗΜΟΣ,ΠΑΡΑΛΙΑΣ,42
4211,ΔΗΜΟΣ,ΠΕΤΡΑΣ,42
4212,ΔΗΜΟΣ,ΠΙΕΡΙΩΝ,42
4201,ΔΗΜΟΣ,ΑΙΓΙΝΙΟΥ,42
4206,ΔΗΜΟΣ,ΚΟΛΙΝΔΡΟΥ,42
4209,ΔΗΜΟΣ,ΜΕΘΩΝΗΣ,42
4213,ΔΗΜΟΣ,ΠΥΔΝΑΣ,42
4703,ΔΗΜΟΣ,ΑΜΦΙΠΟΛΗΣ,47
4712,ΔΗΜΟΣ,ΚΟΡΜΙΣΤΑΣ,47
4719,ΔΗΜΟΣ,ΠΡΩΤΗΣ,47
4720,ΔΗΜΟΣ,ΡΟΔΟΛΙΒΟΥΣ,47
4705,ΔΗΜΟΣ,ΑΧΙΝΟΥ,47
4707,ΔΗΜΟΣ,ΒΙΣΑΛΤΙΑΣ,47
4715,ΔΗΜΟΣ,ΝΙΓΡΙΤΗΣ,47
4727,ΔΗΜΟΣ,ΤΡΑΓΙΛΟΥ,47
4708,ΔΗΜΟΣ,ΕΜΜΑΝΟΥΗΛ ΠΑΠΠΑ,47
4725,ΔΗΜΟΣ,ΣΤΡΥΜΩΝΑ,47
4709,ΔΗΜΟΣ,ΗΡΑΚΛΕΙΑΣ,47
4723,ΔΗΜΟΣ,ΣΚΟΤΟΥΣΣΗΣ,47
4726,ΔΗΜΟΣ,ΣΤΡΥΜΟΝΙΚΟΥ,47
4702,ΔΗΜΟΣ,ΑΛΙΣΤΡΑΤΗΣ,47
4714,ΔΗΜΟΣ,ΝΕΑΣ ΖΙΧΝΗΣ,47
4704,ΚΟΙΝ.,ΑΝΩ ΒΡΟΝΤΟΥΣ,47
4710,ΔΗΜΟΣ,ΚΑΠΕΤΑΝ  ΜΗΤΡΟΥΣΙΟΥ,47
4713,ΔΗΜΟΣ,ΛΕΥΚΩΝΑ,47
4716,ΚΟΙΝ.,ΟΡΕΙΝΗΣ,47
4721,ΔΗΜΟΣ,ΣΕΡΡΩΝ,47
4724,ΔΗΜΟΣ,ΣΚΟΥΤΑΡΕΩΣ,47
4701,ΚΟΙΝ.,ΑΓΚΙΣΤΡΟΥ,47
4706,ΚΟΙΝ.,ΑΧΛΑΔΟΧΩΡΙΟΥ,47
4711,ΔΗΜΟΣ,ΚΕΡΚΙΝΗΣ,47
4717,ΔΗΜΟΣ,ΠΕΤΡΙΤΣΙΟΥ,47
4718,ΚΟΙΝ.,ΠΡΟΜΑΧΩΝΟΣ,47
4722,ΔΗΜΟΣ,ΣΙΔΗΡΟΚΑΣΤΡΟΥ,47
5202,ΔΗΜΟΣ,ΑΡΝΑΙΑΣ,52
5209,ΔΗΜΟΣ,ΠΑΝΑΓΙΑΣ,52
5212,ΔΗΜΟΣ,ΣΤΑΓΕΙΡΩΝ-ΑΚΑΝΘΟΥ,52
5205,ΔΗΜΟΣ,ΚΑΣΣΑΝΔΡΑΣ,52
5208,ΔΗΜΟΣ,ΠΑΛΛΗΝΗΣ,52
5204,ΔΗΜΟΣ,ΚΑΛΛΙΚΡΑΤΕΙΑΣ,52
5206,ΔΗΜΟΣ,ΜΟΥΔΑΝΙΩΝ,52
5214,ΔΗΜΟΣ,ΤΡΙΓΛΙΑΣ,52
5201,ΔΗΜΟΣ,ΑΝΘΕΜΟΥΝΤΑ,52
5203,ΔΗΜΟΣ,ΖΕΡΒΟΧΩΡΙΩΝ,52
5207,ΔΗΜΟΣ,ΟΡΜΥΛΙΑΣ,52
5210,ΔΗΜΟΣ,ΠΟΛΥΓΥΡΟΥ,52
5211,ΔΗΜΟΣ,ΣΙΘΩΝΙΑΣ,52
5213,ΔΗΜΟΣ,ΤΟΡΩΝΗΣ,52
0901,ΚΟΙΝ.,ΑΒΔΕΛΛΑΣ,9
0909,ΔΗΜΟΣ,ΑΓΙΟΥ ΚΟΣΜΑ,9
0902,ΔΗΜΟΣ,ΒΕΝΤΖΙΟΥ,9
0903,ΔΗΜΟΣ,ΓΟΡΓΙΑΝΗΣ,9
0904,ΔΗΜΟΣ,ΓΡΕΒΕΝΩΝ,9
0906,ΚΟΙΝ.,ΔΟΤΣΙΚΟΥ,9
0907,ΔΗΜΟΣ,ΗΡΑΚΛΕΩΤΩΝ,9
0908,ΔΗΜΟΣ,ΘΕΟΔΩΡΟΥ ΖΙΑΚΑ,9
0910,ΚΟΙΝ.,ΜΕΣΟΛΟΥΡΙΟΥ,9
0911,ΚΟΙΝ.,ΠΕΡΙΒΟΛΙΟΥ,9
0912,ΚΟΙΝ.,ΣΑΜΑΡΙΝΑ,9
0913,ΚΟΙΝ.,ΣΜΙΞΗΣ,9
0914,ΚΟΙΝ.,ΦΙΛΙΠΠΑΙΩΝ,9
0905,ΔΗΜΟΣ,ΔΕΣΚΑΤΗΣ,9
0915,ΔΗΜΟΣ,ΧΑΣΙΩΝ,9
2501,ΔΗΜΟΣ,ΑΓΙΑΣ ΤΡΙΑΔΟΣ,25
2502,ΔΗΜΟΣ,ΑΓΙΩΝ ΑΝΑΡΓΥΡΩΝ,25
2506,ΔΗΜΟΣ,ΒΙΤΣΙΟΥ,25
2509,ΔΗΜΟΣ,ΚΑΣΤΟΡΙΑΣ,25
2510,ΚΟΙΝ.,ΚΑΣΤΡΑΚΙΟΥ,25
2511,ΔΗΜΟΣ,ΚΛΕΙΣΟΥΡΑΣ,25
2512,ΔΗΜΟΣ,ΚΟΡΕΣΤΙΩΝ,25
2513,ΔΗΜΟΣ,ΜΑΚΕΔΝΩΝ,25
2504,ΔΗΜΟΣ,ΜΕΣΟΠΟΤΑΜΙΑΣ,25
2503,ΔΗΜΟΣ,ΑΚΡΙΤΩΝ,25
2505,ΚΟΙΝ.,ΑΡΡΕΝΩΝ,25
2507,ΚΟΙΝ.,ΓΡΑΜΟΥ,25
2514,ΔΗΜΟΣ,ΝΕΣΤΟΡΙΟΥ,25
2515,ΔΗΜΟΣ,ΑΡΓΟΥΣ ΟΡΕΣΤΙΚΟΥ,25
2508,ΔΗΜΟΣ,ΙΩΝΟΣ ΔΡΑΓΟΥΜΗ,25
2903,ΔΗΜΟΣ,ΑΣΚΙΟΥ,29
2914,ΔΗΜΟΣ,ΝΕΑΠΟΛΗΣ,29
2915,ΚΟΙΝ.,ΠΕΝΤΑΛΟΦΟΥ,29
2918,ΔΗΜΟΣ,ΣΙΑΤΙΣΤΑΣ,29
2919,ΔΗΜΟΣ,ΤΣΟΤΥΛΙΟΥ,29
2901,ΔΗΜΟΣ,ΑΓΙΑΣ ΠΑΡΑΣΚΕΥΗΣ,29
2905,ΔΗΜΟΣ,ΒΕΡΜΙΟΥ,29
2906,ΚΟΙΝ.,ΒΛΑΣΤΗΣ,29
2913,ΔΗΜΟΣ,ΜΟΥΡΙΚΙΟΥ,29
2916,ΔΗΜΟΣ,ΠΤΟΛΕΜΑΪΔΑΣ,29
2902,ΔΗΜΟΣ,ΑΙΑΝΗΣ,29
2907,ΔΗΜΟΣ,ΔΗΜΗΤΡΙΟΥ ΥΨΗΛΑΝΤΗ,29
2908,ΔΗΜΟΣ,ΕΛΙΜΕΙΑΣ,29
2909,ΔΗΜΟΣ,ΕΛΛΗΣΠΟΝΤΟΥ,29
2911,ΔΗΜΟΣ,ΚΟΖΑΝΗΣ,29
2904,ΔΗΜΟΣ,ΒΕΛΒΕΝΤΟΥ,29
2910,ΔΗΜΟΣ,ΚΑΜΒΟΥΝΙΩΝ,29
2912,ΚΟΙΝ.,ΛΙΒΑΔΕΡΟΥ,29
2917,ΔΗΜΟΣ,ΣΕΡΒΙΩΝ,29
5001,ΔΗΜΟΣ,ΑΕΤΟΥ,50
5002,ΔΗΜΟΣ,ΑΜΥΝΤΑΙΟΥ,50
5003,ΚΟΙΝ.,ΒΑΡΙΚΟΥ,50
5006,ΚΟΙΝ.,ΛΕΧΟΒΟΥ,50
5008,ΚΟΙΝ.,ΝΥΜΦΑΙΟΥ,50
5011,ΔΗΜΟΣ,ΦΙΛΩΤΑ,50
5005,ΚΟΙΝ.,ΚΡΥΣΤΑΛΛΟΠΗΓΗΣ,50
5010,ΔΗΜΟΣ,ΠΡΕΣΠΩΝ,50
5004,ΔΗΜΟΣ,ΚΑΤΩ ΚΛΕΙΝΩΝ,50
5007,ΔΗΜΟΣ,ΜΕΛΙΤΗΣ,50
5009,ΔΗΜΟΣ,ΠΕΡΑΣΜΑΤΟΣ,50
5012,ΔΗΜΟΣ,ΦΛΩΡΙΝΑΣ,50
0603,ΔΗΜΟΣ,ΑΜΒΡΑΚΙΚΟΥ,6
0605,ΔΗΜΟΣ,ΑΡΤΑΙΩΝ,6
0606,ΔΗΜΟΣ,ΒΛΑΧΕΡΝΩΝ,6
0613,ΔΗΜΟΣ,ΞΗΡΟΒΟΥΝΙΟΥ,6
0616,ΔΗΜΟΣ,ΦΙΛΟΘΕΗΣ,6
0607,ΔΗΜΟΣ,ΓΕΩΡΓΙΟΥ ΚΑΡΑΪΣΚΑΚΗ,6
0608,ΔΗΜΟΣ,ΗΡΑΚΛΕΙΑΣ,6
0615,ΔΗΜΟΣ,ΤΕΤΡΑΦΥΛΙΑΣ,6
0601,ΔΗΜΟΣ,ΑΓΝΑΝΤΩΝ,6
0602,ΔΗΜΟΣ,ΑΘΑΜΑΝΙΑΣ,6
0609,ΚΟΙΝ.,ΘΕΟΔΩΡΙΑΝΩΝ,6
0612,ΚΟΙΝ.,ΜΕΛΙΣΣΟΥΡΓΩΝ,6
0604,ΔΗΜΟΣ,ΑΡΑΧΘΟΥ,6
0610,ΚΟΙΝ.,ΚΟΜΜΕΝΟΥ,6
0611,ΔΗΜΟΣ,ΚΟΜΠΟΤΙΟΥ,6
0614,ΔΗΜΟΣ,ΠΕΤΑ,6
2002,ΔΗΜΟΣ,ΗΓΟΥΜΕΝΙΤΣΗΣ,20
2003,ΔΗΜΟΣ,ΜΑΡΓΑΡΙΤΙΟΥ,20
2005,ΔΗΜΟΣ,ΠΑΡΑΠΟΤΑΜΟΥ,20
2006,ΚΟΙΝ.,ΠΕΡΔΙΚΑΣ,20
2009,ΔΗΜΟΣ,ΣΥΒΟΤΩΝ,20
2001,ΔΗΜΟΣ,ΑΧΕΡΟΝΤΑ,20
2004,ΔΗΜΟΣ,ΠΑΡΑΜΥΘΙΑΣ,20
2008,ΚΟΙΝ.,ΣΟΥΛΙΟΥ,20
2007,ΔΗΜΟΣ,ΣΑΓΙΑΔΑΣ,20
2010,ΔΗΜΟΣ,ΦΙΛΙΑΤΩΝ,20
2207,ΚΟΙΝ.,ΒΑΘΥΠΕΔΟΥ,22
2218,ΚΟΙΝ.,ΚΑΛΑΡΡΥΤΩΝ,22
2220,ΔΗΜΟΣ,ΚΑΤΣΑΝΟΧΩΡΙΩΝ,22
2225,ΚΟΙΝ.,ΜΑΤΣΟΥΚΙΟΥ,22
2235,ΔΗΜΟΣ,ΠΡΑΜΑΝΤΩΝ,22
2238,ΚΟΙΝ.,ΣΥΡΡΑΚΟΥ,22
2239,ΔΗΜΟΣ,ΤΖΟΥΜΕΡΚΩΝ,22
2201,ΔΗΜΟΣ,ΑΓΙΟΥ ΔΗΜΗΤΡΙΟΥ,22
2212,ΔΗΜΟΣ,ΔΩΔΩΝΗΣ,22
2210,ΔΗΜΟΣ,ΛΑΚΚΑΣ ΣΟΥΛΙΟΥ,22
2237,ΔΗΜΟΣ,ΣΕΛΛΩΝ,22
2204,ΔΗΜΟΣ,ΑΝΑΤΟΛΙΚΟΥ ΖΑΓΟΡΙΟΥ,22
2208,ΚΟΙΝ.,ΒΟΒΟΥΣΗΣ,22
2221,ΔΗΜΟΣ,ΚΕΝΤΡΙΚΟΥ ΖΑΓΟΡΙΟΥ,22
2232,ΚΟΙΝ.,ΠΑΠΙΓΚΟΥ,22
2240,ΔΗΜΟΣ,ΤΥΜΦΗΣ,22
2214,ΔΗΜΟΣ,ΕΚΑΛΗΣ,22
2215,ΔΗΜΟΣ,ΕΥΡΥΜΕΝΩΝ,22
2216,ΔΗΜΟΣ,ΖΙΤΣΑΣ,22
2228,ΔΗΜΟΣ,ΜΟΛΟΣΣΩΝ,22
2233,ΔΗΜΟΣ,ΠΑΣΑΡΩΝΟΣ,22
2203,ΔΗΜΟΣ,ΑΝΑΤΟΛΗΣ,22
2217,ΔΗΜΟΣ,ΙΩΑΝΝΙΤΩΝ,22
2229,ΔΗΜΟΣ,ΜΠΙΖΑΝΙΟΥ,22
2230,ΚΟΙΝ.,ΝΗΣΟΥ ΙΩΑΝΝΙΝΩΝ,22
2231,ΔΗΜΟΣ,ΠΑΜΒΩΤΙΔΟΣ,22
2234,ΔΗΜΟΣ,ΠΕΡΑΜΑΤΟΣ,22
2202,ΚΟΙΝ.,ΑΕΤΟΜΗΛΙΤΣΗΣ,22
2211,ΚΟΙΝ.,ΔΙΣΤΡΑΤΟΥ,22
2222,ΔΗΜΟΣ,ΚΟΝΙΤΣΑΣ,22
2224,ΔΗΜΟΣ,ΜΑΣΤΟΡΟΧΩΡΙΩΝ,22
2241,ΚΟΙΝ.,ΦΟΥΡΚΑΣ,22
2213,ΔΗΜΟΣ,ΕΓΝΑΤΙΑΣ,22
2226,ΔΗΜΟΣ,ΜΕΤΣΟΒΟΥ,22
2227,ΚΟΙΝ.,ΜΗΛΕΑΣ,22
2205,ΔΗΜΟΣ,ΑΝΩ ΚΑΛΑΜΑ,22
2206,ΔΗΜΟΣ,ΑΝΩ ΠΩΓΩΝΙΟΥ,22
2209,ΔΗΜΟΣ,ΔΕΛΒΙΝΑΚΙΟΥ,22
2219,ΔΗΜΟΣ,ΚΑΛΠΑΚΙΟΥ,22
2223,ΚΟΙΝ.,ΛΑΒΔΑΝΗΣ,22
2236,ΚΟΙΝ.,ΠΩΓΩΝΙΑΝΗΣ,22
4301,ΔΗΜΟΣ,ΑΝΩΓΕΙΟΥ,43
4303,ΔΗΜΟΣ,ΘΕΣΠΡΩΤΙΚΟΥ,43
4304,ΚΟΙΝ.,ΚΡΑΝΕΑΣ,43
4309,ΔΗΜΟΣ,ΦΙΛΙΠΠΙΑΔΟΣ,43
4306,ΔΗΜΟΣ,ΠΑΡΓΑΣ,43
4308,ΔΗΜΟΣ,ΦΑΝΑΡΙΟΥ,43
4302,ΔΗΜΟΣ,ΖΑΛΟΓΓΟΥ,43
4305,ΔΗΜΟΣ,ΛΟΥΡΟΥ,43
4307,ΔΗΜΟΣ,ΠΡΕΒΕΖΗΣ,43
2401,ΚΟΙΝ.,ΑΝΑΤΟΛΙΚΗΣ ΑΡΓΙΘΕΑΣ,24
2402,ΔΗΜΟΣ,ΑΡΓΙΘΕΑΣ,24
2404,ΔΗΜΟΣ,ΑΧΕΛΩΟΥ,24
2406,ΔΗΜΟΣ,ΙΤΑΜΟΥ,24
2407,ΔΗΜΟΣ,ΚΑΛΛΙΦΩΝΙΟΥ,24
2408,ΔΗΜΟΣ,ΚΑΜΠΟΥ,24
2409,ΔΗΜΟΣ,ΚΑΡΔΙΤΣΑΣ,24
2411,ΔΗΜΟΣ,ΜΗΤΡΟΠΟΛΗΣ,24
2413,ΔΗΜΟΣ,ΝΕΒΡΟΠΟΛΗΣ ΑΓΡΑΦΩΝ,24
2416,ΔΗΜΟΣ,ΠΛΑΣΤΗΡΑ,24
2405,ΔΗΜΟΣ,ΙΘΩΜΗΣ,24
2412,ΔΗΜΟΣ,ΜΟΥΖΑΚΙΟΥ,24
2415,ΔΗΜΟΣ,ΠΑΜΙΣΟΥ,24
2414,ΔΗΜΟΣ,ΠΑΛΑΜΑ,24
2418,ΔΗΜΟΣ,ΣΕΛΛΑΝΩΝ,24
2421,ΔΗΜΟΣ,ΦΥΛΛΟΥ,24
2403,ΔΗΜΟΣ,ΑΡΝΗΣ,24
2410,ΔΗΜΟΣ,ΜΕΝΕΛΑΪΔΑΣ,24
2417,ΔΗΜΟΣ,ΡΕΝΤΙΝΗΣ,24
2419,ΔΗΜΟΣ,ΣΟΦΑΔΩΝ,24
2420,ΔΗΜΟΣ,ΤΑΜΑΣΙΟΥ,24
3301,ΔΗΜΟΣ,ΑΓΙΑΣ,33
3311,ΔΗΜΟΣ,ΕΥΡΥΜΕΝΩΝ,33
3317,ΔΗΜΟΣ,ΛΑΚΕΡΕΙΑΣ,33
3321,ΔΗΜΟΣ,ΜΕΛΙΒΟΙΑΣ,33
3304,ΔΗΜΟΣ,ΑΝΤΙΧΑΣΙΩΝ,33
3306,ΚΟΙΝ.,ΒΕΡΔΙΚΟΥΣΗΣ,33
3309,ΔΗΜΟΣ,ΕΛΑΣΣΟΝΑΣ,33
3312,ΚΟΙΝ.,ΚΑΡΥΑΣ,33
3319,ΔΗΜΟΣ,ΛΙΒΑΔΙΟΥ,33
3325,ΔΗΜΟΣ,ΟΛΥΜΠΟΥ,33
3328,ΔΗΜΟΣ,ΠΟΤΑΜΙΑΣ,33
3329,ΔΗΜΟΣ,ΣΑΡΑΝΤΑΠΟΡΟΥ,33
3332,ΚΟΙΝ.,ΤΣΑΡΙΤΣΑΝΗΣ,33
3305,ΔΗΜΟΣ,ΑΡΜΕΝΙΟΥ,33
3314,ΔΗΜΟΣ,ΚΙΛΕΛΕΡ,33
3316,ΔΗΜΟΣ,ΚΡΑΝΝΩΝΟΣ,33
3324,ΔΗΜΟΣ,ΝΙΚΑΙΑΣ,33
3326,ΔΗΜΟΣ,ΠΛΑΤΥΚΑΜΠΟΥ,33
3307,ΔΗΜΟΣ,ΓΙΑΝΝΟΥΛΗΣ,33
3315,ΔΗΜΟΣ,ΚΟΙΛΑΔΑΣ,33
3318,ΔΗΜΟΣ,ΛΑΡΙΣΑΙΩΝ,33
3302,ΚΟΙΝ.,ΑΜΠΕΛΑΚΙΩΝ,33
3308,ΔΗΜΟΣ,ΓΟΝΝΩΝ,33
3313,ΔΗΜΟΣ,ΚΑΤΩ ΟΛΥΜΠΟΥ,33
3320,ΔΗΜΟΣ,ΜΑΚΡΥΧΩΡΙΟΥ,33
3323,ΔΗΜΟΣ,ΝΕΣΣΩΝΟΣ,33
3303,ΔΗΜΟΣ,ΑΜΠΕΛΩΝΟΣ,33
3330,ΔΗΜΟΣ,ΤΥΡΝΑΒΟΥ,33
3310,ΔΗΜΟΣ,ΕΝΙΠΠΕΑ,33
3322,ΔΗΜΟΣ,ΝΑΡΘΑΚΙΟΥ,33
3327,ΔΗΜΟΣ,ΠΟΛΥΔΑΜΑΝΤΑ,33
3331,ΔΗΜΟΣ,ΦΑΡΣΑΛΩΝ,33
3703,ΔΗΜΟΣ,ΑΛΜΥΡΟΥ,37
3705,ΚΟΙΝ.,ΑΝΑΒΡΑΣ,37
3720,ΔΗΜΟΣ,ΠΤΕΛΕΟΥ,37
3724,ΔΗΜΟΣ,ΣΟΥΡΠΗΣ,37
3701,ΔΗΜΟΣ,ΑΓΡΙΑΣ,37
3702,ΔΗΜΟΣ,ΑΙΣΩΝΙΑΣ,37
3707,ΔΗΜΟΣ,ΑΡΤΕΜΙΔΑΣ,37
3709,ΔΗΜΟΣ,ΒΟΛΟΥ,37
3711,ΔΗΜΟΣ,ΙΩΛΚΟΥ,37
3714,ΚΟΙΝ.,ΜΑΚΡΙΝΙΤΣΗΣ,37
3717,ΔΗΜΟΣ,ΝΕΑΣ ΑΓΧΙΑΛΟΥ,37
3718,ΔΗΜΟΣ,ΝΕΑΣ ΙΩΝΙΑΣ,37
3719,ΔΗΜΟΣ,ΠΟΡΤΑΡΙΑΣ,37
3710,ΔΗΜΟΣ,ΖΑΓΟΡΑΣ,37
3716,ΔΗΜΟΣ,ΜΟΥΡΕΣΙΟΥ,37
3706,ΔΗΜΟΣ,ΑΡΓΑΛΑΣΤΗΣ,37
3708,ΔΗΜΟΣ,ΑΦΕΤΩΝ,37
3715,ΔΗΜΟΣ,ΜΗΛΕΩΝ,37
3721,ΔΗΜΟΣ,ΣΗΠΙΑΔΟΣ,37
3725,ΚΟΙΝ.,ΤΡΙΚΕΡΙΟΥ,37
3712,ΔΗΜΟΣ,ΚΑΡΛΑΣ,37
3713,ΚΟΙΝ.,ΚΕΡΑΜΙΔΙΟΥ,37
3726,ΔΗΜΟΣ,ΦΕΡΩΝ,37
3704,ΔΗΜΟΣ,ΑΛΟΝΝΗΣΟΥ,37
3722,ΔΗΜΟΣ,ΣΚΙΑΘΟΥ,37
3723,ΔΗΜΟΣ,ΣΚΟΠΕΛΟΥ,37
4802,ΚΟΙΝ.,ΑΣΠΡΟΠΟΤΑΜΟΥ,48
4803,ΔΗΜΟΣ,ΒΑΣΙΛΙΚΗΣ,48
4806,ΔΗΜΟΣ,ΚΑΛΑΜΠΑΚΑΣ,48
4808,ΔΗΜΟΣ,ΚΑΣΤΑΝΙΑΣ,48
4809,ΔΗΜΟΣ,ΚΛΕΙΝΟΒΟΥ,48
4811,ΔΗΜΟΣ,ΜΑΛΑΚΑΣΙΟΥ,48
4823,ΔΗΜΟΣ,ΤΥΜΦΑΙΩΝ,48
4826,ΔΗΜΟΣ,ΧΑΣΙΩΝ,48
4801,ΔΗΜΟΣ,ΑΙΘΗΚΩΝ,48
4804,ΔΗΜΟΣ,ΓΟΜΦΩΝ,48
4813,ΚΟΙΝ.,ΜΥΡΟΦΥΛΛΟΥ,48
4814,ΚΟΙΝ.,ΝΕΡΑΙΔΑΣ,48
4819,ΔΗΜΟΣ,ΠΙΑΛΕΙΩΝ,48
4821,ΔΗΜΟΣ,ΠΙΝΔΕΩΝ,48
4820,ΔΗΜΟΣ,ΠΥΛΗΣ,48
4805,ΔΗΜΟΣ,ΕΣΤΙΑΙΩΤΙΔΑΣ,48
4807,ΔΗΜΟΣ,ΚΑΛΛΙΔΕΝΔΡΟΥ,48
4810,ΔΗΜΟΣ,ΚΟΖΙΑΚΑ,48
4812,ΔΗΜΟΣ,ΜΕΓΑΛΩΝ ΚΑΛΥΒΙΩΝ,48
4816,ΔΗΜΟΣ,ΠΑΛΗΟΚΑΣΤΡΟΥ,48
4817,ΔΗΜΟΣ,ΠΑΡΑΛΗΘΑΙΩΝ,48
4822,ΔΗΜΟΣ,ΤΡΙΚΚΑΙΩΝ,48
4824,ΔΗΜΟΣ,ΦΑΛΩΡΕΙΑΣ,48
4815,ΔΗΜΟΣ,ΟΙΧΑΛΙΑΣ,48
4818,ΔΗΜΟΣ,ΠΕΛΙΝΝΑΙΩΝ,48
4825,ΔΗΜΟΣ,ΦΑΡΚΑΔΟΝΑΣ,48
1601,ΔΗΜΟΣ,ΑΛΥΚΩΝ,16
1602,ΔΗΜΟΣ,ΑΡΚΑΔΙΩΝ,16
1603,ΔΗΜΟΣ,ΑΡΤΕΜΙΣΙΩΝ,16
1604,ΔΗΜΟΣ,ΕΛΑΤΙΩΝ,16
1605,ΔΗΜΟΣ,ΖΑΚΥΝΘΙΩΝ,16
1606,ΔΗΜΟΣ,ΛΑΓΑΝΑ,16
2704,ΔΗΜΟΣ,ΙΘΑΚΗΣ,27
2601,ΔΗΜΟΣ,ΑΓΙΟΥ ΓΕΩΡΓΙΟΥ,26
2602,ΔΗΜΟΣ,ΑΧΙΛΛΕΙΩΝ,26
2603,ΚΟΙΝ.,ΕΡΕΙΚΟΥΣΣΗΣ,26
2604,ΔΗΜΟΣ,ΕΣΠΕΡΙΩΝ,26
2605,ΔΗΜΟΣ,ΘΙΝΑΛΙΟΥ,26
2606,ΔΗΜΟΣ,ΚΑΣΣΩΠΑΙΩΝ,26
2607,ΔΗΜΟΣ,ΚΕΡΚΥΡΑΙΩΝ,26
2608,ΔΗΜΟΣ,ΚΟΡΙΣΣΙΩΝ,26
2609,ΔΗΜΟΣ,ΛΕΥΚΙΜΜΑΙΩΝ,26
2610,ΚΟΙΝ.,ΜΑΘΡΑΚΙΟΥ,26
2611,ΔΗΜΟΣ,ΜΕΛΙΤΕΙΕΩΝ,26
2612,ΚΟΙΝ.,ΟΘΩΝΩΝ,26
2613,ΔΗΜΟΣ,ΠΑΛΑΙΟΚΑΣΤΡΙΤΩΝ,26
2614,ΔΗΜΟΣ,ΠΑΞΩΝ,26
2615,ΔΗΜΟΣ,ΠΑΡΕΛΙΩΝ,26
2616,ΔΗΜΟΣ,ΦΑΙΑΚΩΝ,26
2701,ΔΗΜΟΣ,ΑΡΓΟΣΤΟΛΙΟΥ,27
2702,ΔΗΜΟΣ,ΕΛΕΙΟΥ - ΠΡΟΝΩΝ,27
2703,ΔΗΜΟΣ,ΕΡΙΣΟΥ,27
2705,ΔΗΜΟΣ,ΛΕΙΒΑΘΟΥΣ,27
2706,ΚΟΙΝ.,ΟΜΑΛΩΝ,27
2707,ΔΗΜΟΣ,ΠΑΛΙΚΗΣ,27
2708,ΔΗΜΟΣ,ΠΥΛΑΡΕΩΝ,27
2709,ΔΗΜΟΣ,ΣΑΜΗΣ,27
3601,ΔΗΜΟΣ,ΑΠΟΛΛΩΝΙΩΝ,36
3602,ΔΗΜΟΣ,ΕΛΛΟΜΕΝΟΥ,36
3603,ΚΟΙΝ.,ΚΑΛΑΜΟΥ,36
3604,ΔΗΜΟΣ,ΚΑΡΥΑΣ,36
3605,ΚΟΙΝ.,ΚΑΣΤΟΥ,36
3606,ΔΗΜΟΣ,ΛΕΥΚΑΔΟΣ,36
3608,ΔΗΜΟΣ,ΣΦΑΚΙΩΤΩΝ,36
3607,ΔΗΜΟΣ,ΜΕΓΑΝΗΣΙΟΥ,36
0201,ΔΗΜΟΣ,ΑΓΓΕΛΟΚΑΣΤΡΟΥ,2
0202,ΔΗΜΟΣ,ΑΓΡΙΝΙΟΥ,2
0209,ΔΗΜΟΣ,ΑΡΑΚΥΝΘΟΥ,2
0212,ΔΗΜΟΣ,ΘΕΣΤΙΕΩΝ,2
0215,ΔΗΜΟΣ,ΜΑΚΡΥΝΕΙΑΣ,2
0220,ΔΗΜΟΣ,ΝΕΑΠΟΛΗΣ,2
0222,ΔΗΜΟΣ,ΠΑΝΑΙΤΩΛΙΚΟΥ,2
0223,ΔΗΜΟΣ,ΠΑΡΑΒΟΛΑΣ,2
0224,ΔΗΜΟΣ,ΠΑΡΑΚΑΜΠΥΛΙΩΝ,2
0227,ΔΗΜΟΣ,ΣΤΡΑΤΟΥ,2
0206,ΔΗΜΟΣ,ΑΝΑΚΤΟΡΙΟΥ,2
0216,ΔΗΜΟΣ,ΜΕΔΕΩΝΟΣ,2
0214,ΔΗΜΟΣ,ΠΑΛΑΙΡΟΥ,2
0205,ΔΗΜΟΣ,ΑΜΦΙΛΟΧΙΑΣ,2
0213,ΔΗΜΟΣ,ΙΝΑΧΟΥ,2
0217,ΔΗΜΟΣ,ΜΕΝΙΔΙΟΥ,2
0211,ΔΗΜΟΣ,ΘΕΡΜΟΥ,2
0203,ΔΗΜΟΣ,ΑΙΤΩΛΙΚΟΥ,2
0218,ΔΗΜΟΣ,ΙΕΡΑΣ ΠΟΛΗΣ ΜΕΣΟΛΟΓΓΙΟΥ,2
0221,ΔΗΜΟΣ,ΟΙΝΙΑΔΩΝ,2
0207,ΔΗΜΟΣ,ΑΝΤΙΡΡΙΟΥ,2
0208,ΔΗΜΟΣ,ΑΠΟΔΟΤΙΑΣ,2
0219,ΔΗΜΟΣ,ΝΑΥΠΑΚΤΟΥ,2
0225,ΔΗΜΟΣ,ΠΛΑΤΑΝΟΥ,2
0226,ΔΗΜΟΣ,ΠΥΛΛΗΝΗΣ,2
0229,ΔΗΜΟΣ,ΧΑΛΚΕΙΑΣ,2
0204,ΔΗΜΟΣ,ΑΛΥΖΙΑΣ,2
0210,ΔΗΜΟΣ,ΑΣΤΑΚΟΥ,2
0228,ΔΗΜΟΣ,ΦΥΤΕΙΩΝ,2
0701,ΔΗΜΟΣ,ΑΙΓΕΙΡΑΣ,7
0702,ΔΗΜΟΣ,ΑΙΓΙΟΥ,7
0703,ΔΗΜΟΣ,ΑΚΡΑΤΑΣ,7
0706,ΔΗΜΟΣ,ΔΙΑΚΟΠΤΟΥ,7
0708,ΔΗΜΟΣ,ΕΡΙΝΕΟΥ,7
0720,ΔΗΜΟΣ,ΣΥΜΠΟΛΙΤΕΙΑΣ,7
0707,ΔΗΜΟΣ,ΔΥΜΗΣ,7
0711,ΔΗΜΟΣ,ΛΑΡΙΣΣΟΥ,7
0715,ΔΗΜΟΣ,ΜΟΒΡΗΣ,7
0723,ΔΗΜΟΣ,ΩΛΕΝΙΑΣ,7
0710,ΚΟΙΝ.,ΚΑΛΕΝΤΖΙΟΥ,7
0712,ΚΟΙΝ.,ΛΕΟΝΤΙΟΥ,7
0721,ΔΗΜΟΣ,ΤΡΙΤΑΙΑΣ,7
0722,ΔΗΜΟΣ,ΦΑΡΡΩΝ,7
0704,ΔΗΜΟΣ,ΑΡΟΑΝΙΑΣ,7
0709,ΔΗΜΟΣ,ΚΑΛΑΒΡΥΤΩΝ,7
0713,ΔΗΜΟΣ,ΚΛΕΙΤΟΡΙΑΣ,7
0716,ΔΗΜΟΣ,ΠΑΪΩΝ,7
0705,ΔΗΜΟΣ,ΒΡΑΧΝΑΙΙΚΩΝ,7
0714,ΔΗΜΟΣ,ΜΕΣΣΑΤΙΔΟΣ,7
0717,ΔΗΜΟΣ,ΠΑΡΑΛΙΑΣ,7
0718,ΔΗΜΟΣ,ΠΑΤΡΕΩΝ,7
0719,ΔΗΜΟΣ,ΡΙΟΥ,7
1703,ΔΗΜΟΣ,ΑΝΔΡΑΒΙΔΑΣ,17
1707,ΔΗΜΟΣ,ΒΟΥΠΡΑΣΙΑΣ,17
1712,ΔΗΜΟΣ,ΚΑΣΤΡΟΥ - ΚΥΛΛΗΝΗΣ,17
1715,ΔΗΜΟΣ,ΛΕΧΑΙΝΩΝ,17
1701,ΔΗΜΟΣ,ΑΛΙΦΕΙΡΑΣ,17
1704,ΔΗΜΟΣ,ΑΝΔΡΙΤΣΑΙΝΗΣ,17
1718,ΔΗΜΟΣ,ΣΚΙΛΛΟΥΝΤΟΣ,17
1705,ΔΗΜΟΣ,ΑΡΧΑΙΑΣ ΟΛΥΜΠΙΑΣ,17
1713,ΔΗΜΟΣ,ΛΑΜΠΕΙΑΣ,17
1714,ΔΗΜΟΣ,ΛΑΣΙΩΝΟΣ,17
1721,ΔΗΜΟΣ,ΦΟΛΟΗΣ,17
1710,ΔΗΜΟΣ,ΖΑΧΑΡΩΣ,17
1720,ΔΗΜΟΣ,ΦΙΓΑΛΕΙΑΣ,17
1702,ΔΗΜΟΣ,ΑΜΑΛΙΑΔΟΣ,17
1716,ΔΗΜΟΣ,ΠΗΝΕΙΑΣ,17
1706,ΔΗΜΟΣ,ΒΑΡΘΟΛΟΜΙΟΥ,17
1709,ΔΗΜΟΣ,ΓΑΣΤΟΥΝΗΣ,17
1719,ΔΗΜΟΣ,ΤΡΑΓΑΝΟΥ,17
1708,ΔΗΜΟΣ,ΒΩΛΑΚΟΣ,17
1711,ΔΗΜΟΣ,ΙΑΡΔΑΝΟΥ,17
1717,ΔΗΜΟΣ,ΠΥΡΓΟΥ,17
1722,ΔΗΜΟΣ,ΩΛΕΝΗΣ,17
0802,ΔΗΜΟΣ,ΑΛΙΑΡΤΟΥ,8
0809,ΔΗΜΟΣ,ΘΕΣΠΙΕΩΝ,8
0803,ΚΟΙΝ.,ΑΝΤΙΚΥΡΑΣ,8
0804,ΔΗΜΟΣ,ΑΡΑΧΟΒΗΣ,8
0808,ΔΗΜΟΣ,ΔΙΣΤΟΜΟΥ,8
0805,ΔΗΜΟΣ,ΒΑΓΙΩΝ,8
0810,ΔΗΜΟΣ,ΘΗΒΑΙΩΝ,8
0811,ΔΗΜΟΣ,ΘΙΣΒΗΣ,8
0817,ΔΗΜΟΣ,ΠΛΑΤΑΙΩΝ,8
0806,ΔΗΜΟΣ,ΔΑΥΛΕΙΑΣ,8
0812,ΔΗΜΟΣ,ΚΟΡΩΝΕΙΑΣ,8
0813,ΚΟΙΝ.,ΚΥΡΙΑΚΙΟΥ,8
0814,ΔΗΜΟΣ,ΛΕΒΑΔΕΩΝ,8
0820,ΔΗΜΟΣ,ΧΑΙΡΩΝΕΙΑΣ,8
0801,ΔΗΜΟΣ,ΑΚΡΑΙΦΝΙΑΣ,8
0816,ΔΗΜΟΣ,ΟΡΧΟΜΕΝΟΥ,8
0807,ΔΗΜΟΣ,ΔΕΡΒΕΝΟΧΩΡΙΩΝ,8
0815,ΔΗΜΟΣ,ΟΙΝΟΦΥΤΩΝ,8
0818,ΔΗΜΟΣ,ΣΧΗΜΑΤΑΡΙΟΥ,8
0819,ΔΗΜΟΣ,ΤΑΝΑΓΡΑΣ,8
1407,ΔΗΜΟΣ,ΔΙΡΦΥΩΝ,14
1420,ΔΗΜΟΣ,ΜΕΣΣΑΠΙΩΝ,14
1402,ΔΗΜΟΣ,ΑΜΑΡΥΝΘΙΩΝ,14
1410,ΔΗΜΟΣ,ΕΡΕΤΡΙΑΣ,14
1401,ΔΗΜΟΣ,ΑΙΔΗΨΟΥ,14
1404,ΔΗΜΟΣ,ΑΡΤΕΜΙΣΙΟΥ,14
1411,ΔΗΜΟΣ,ΙΣΤΙΑΙΑΣ,14
1418,ΚΟΙΝ.,ΛΙΧΑΔΟΣ,14
1427,ΔΗΜΟΣ,ΩΡΕΩΝ,14
1412,ΔΗΜΟΣ,ΚΑΡΥΣΤΟΥ,14
1413,ΚΟΙΝ.,ΚΑΦΗΡΕΩΣ,14
1419,ΔΗΜΟΣ,ΜΑΡΜΑΡΙΟΥ,14
1424,ΔΗΜΟΣ,ΣΤΥΡΕΩΝ,14
1406,ΔΗΜΟΣ,ΑΥΛΩΝΟΣ,14
1408,ΔΗΜΟΣ,ΔΥΣΤΙΩΝ,14
1415,ΔΗΜΟΣ,ΚΟΝΙΣΤΡΩΝ,14
1416,ΔΗΜΟΣ,ΚΥΜΗΣ,14
1425,ΔΗΜΟΣ,ΤΑΜΥΝΕΩΝ,14
1409,ΔΗΜΟΣ,ΕΛΥΜΝΙΩΝ,14
1414,ΔΗΜΟΣ,ΚΗΡΕΩΣ,14
1422,ΔΗΜΟΣ,ΝΗΛΕΩΣ,14
1423,ΔΗΜΟΣ,ΣΚΥΡΟΥ,14
1403,ΔΗΜΟΣ,ΑΝΘΗΔΩΝΟΣ,14
1405,ΔΗΜΟΣ,ΑΥΛΙΔΟΣ,14
1417,ΔΗΜΟΣ,ΛΗΛΑΝΤΙΩΝ,14
1421,ΔΗΜΟΣ,ΝΕΑΣ ΑΡΤΑΚΗΣ,14
1426,ΔΗΜΟΣ,ΧΑΛΚΙΔΕΩΝ,14
1501,ΔΗΜΟΣ,ΑΓΡΑΦΩΝ,15
1502,ΔΗΜΟΣ,ΑΠΕΡΑΝΤΙΩΝ,15
1503,ΔΗΜΟΣ,ΑΣΠΡΟΠΟΤΑΜΟΥ,15
1504,ΔΗΜΟΣ,ΒΙΝΙΑΝΗΣ,15
1511,ΔΗΜΟΣ,ΦΡΑΓΚΙΣΤΑΣ,15
1505,ΔΗΜΟΣ,ΔΟΜΝΙΣΤΑΣ,15
1506,ΔΗΜΟΣ,ΚΑΡΠΕΝΗΣΙΟΥ,15
1507,ΔΗΜΟΣ,ΚΤΗΜΕΝΙΩΝ,15
1508,ΔΗΜΟΣ,ΠΟΤΑΜΙΑΣ,15
1509,ΔΗΜΟΣ,ΠΡΟΥΣΣΟΥ,15
1510,ΔΗΜΟΣ,ΦΟΥΡΝΑ,15
4903,ΔΗΜΟΣ,ΑΜΦΙΚΛΕΙΑΣ,49
4908,ΔΗΜΟΣ,ΕΛΑΤΕΙΑΣ,49
4923,ΔΗΜΟΣ,ΤΙΘΟΡΕΑΣ,49
4907,ΔΗΜΟΣ,ΔΟΜΟΚΟΥ,49
4910,ΔΗΜΟΣ,ΘΕΣΣΑΛΙΩΤΙΔΟΣ,49
4917,ΔΗΜΟΣ,ΞΥΝΙΑΔΟΣ,49
4905,ΔΗΜΟΣ,ΓΟΡΓΟΠΟΤΑΜΟΥ,49
4912,ΔΗΜΟΣ,ΛΑΜΙΕΩΝ,49
4913,ΔΗΜΟΣ,ΛΕΙΑΝΟΚΛΑΔΙΟΥ,49
4919,ΚΟΙΝ.,ΠΑΥΛΙΑΝΗΣ,49
4925,ΔΗΜΟΣ,ΥΠΑΤΗΣ,49
4904,ΔΗΜΟΣ,ΑΤΑΛΑΝΤΗΣ,49
4906,ΔΗΜΟΣ,ΔΑΦΝΟΥΣΙΩΝ,49
4915,ΔΗΜΟΣ,ΜΑΛΕΣΙΝΗΣ,49
4918,ΔΗΜΟΣ,ΟΠΟΥΝΤΙΩΝ,49
4901,ΔΗΜΟΣ,ΑΓΙΟΥ ΓΕΩΡΓΙΟΥ ΤΥΜΦΡΗΣΤΟΥ,49
4914,ΔΗΜΟΣ,ΜΑΚΡΑΚΩΜΗΣ,49
4921,ΔΗΜΟΣ,ΣΠΕΡΧΕΙΑΔΟΣ,49
4924,ΚΟΙΝ.,ΤΥΜΦΡΗΣΤΟΥ,49
4902,ΔΗΜΟΣ,ΑΓΙΟΥ ΚΩΝΣΤΑΝΤΙΝΟΥ,49
4911,ΔΗΜΟΣ,ΚΑΜΕΝΩΝ ΒΟΥΡΛΩΝ,49
4916,ΔΗΜΟΣ,ΜΩΛΟΥ,49
4909,ΔΗΜΟΣ,ΕΧΙΝΑΙΩΝ,49
4920,ΔΗΜΟΣ,ΠΕΛΑΣΓΙΑΣ,49
4922,ΔΗΜΟΣ,ΣΤΥΛΙΔΟΣ,49
5101,ΔΗΜΟΣ,ΑΜΦΙΣΣΗΣ,51
5103,ΔΗΜΟΣ,ΓΑΛΑΞΙΔΙΟΥ,51
5104,ΔΗΜΟΣ,ΓΡΑΒΙΑΣ,51
5105,ΔΗΜΟΣ,ΔΕΛΦΩΝ,51
5106,ΔΗΜΟΣ,ΔΕΣΦΙΝΑΣ,51
5108,ΔΗΜΟΣ,ΙΤΕΑΣ,51
5109,ΔΗΜΟΣ,ΚΑΛΛΙΕΩΝ,51
5111,ΔΗΜΟΣ,ΠΑΡΝΑΣΣΟΥ,51
5102,ΔΗΜΟΣ,ΒΑΡΔΟΥΣΙΩΝ,51
5107,ΔΗΜΟΣ,ΕΥΠΑΛΙΟΥ,51
5110,ΔΗΜΟΣ,ΛΙΔΩΡΙΚΙΟΥ,51
5112,ΔΗΜΟΣ,ΤΟΛΟΦΩΝΟΣ,51
0102,ΔΗΜΟΣ,ΑΓΙΑΣ ΠΑΡΑΣΚΕΥΗΣ,1
0108,ΔΗΜΟΣ,ΑΜΑΡΟΥΣΙΟΥ,1
0110,ΔΗΜΟΣ,ΒΡΙΛΗΣΣΙΩΝ,1
0119,ΔΗΜΟΣ,ΗΡΑΚΛΕΙΟΥ,1
0115,ΔΗΜΟΣ,ΕΚΑΛΗΣ,1
0124,ΔΗΜΟΣ,ΚΗΦΙΣΙΑΣ,1
0129,ΔΗΜΟΣ,ΝΕΑΣ ΕΡΥΘΡΑΙΑΣ,1
0125,ΔΗΜΟΣ,ΛΥΚΟΒΡΥΣΕΩΣ,1
0141,ΔΗΜΟΣ,ΠΕΥΚΗΣ,1
0127,ΔΗΜΟΣ,ΜΕΤΑΜΟΡΦΩΣΕΩΣ,1
0130,ΔΗΜΟΣ,ΝΕΑΣ ΙΩΝΙΑΣ,1
0137,ΔΗΜΟΣ,ΠΑΠΑΓΟΥ,1
0147,ΔΗΜΟΣ,ΧΟΛΑΡΓΟΥ,1
0126,ΔΗΜΟΣ,ΜΕΛΙΣΣΙΩΝ,1
0131,ΔΗΜΟΣ,ΝΕΑΣ ΠΕΝΤΕΛΗΣ,1
0138,ΔΗΜΟΣ,ΠΕΝΤΕΛΗΣ,1
0135,ΔΗΜΟΣ,ΝΕΟΥ ΨΥΧΙΚΟΥ,1
0144,ΔΗΜΟΣ,ΦΙΛΟΘΕΗΣ,1
0148,ΔΗΜΟΣ,ΨΥΧΙΚΟΥ,1
0146,ΔΗΜΟΣ,ΧΑΛΑΝΔΡΙΟΥ,1
0101,ΔΗΜΟΣ,ΑΓΙΑΣ ΒΑΡΒΑΡΑΣ,1
0104,ΔΗΜΟΣ,ΑΓΙΩΝ ΑΝΑΡΓΥΡΩΝ,1
0123,ΔΗΜΟΣ,ΚΑΜΑΤΕΡΟΥ,1
0106,ΔΗΜΟΣ,ΑΙΓΑΛΕΩ,1
0120,ΔΗΜΟΣ,ΙΛΙΟΥ (ΝΕΩΝ ΛΙΟΣΙΩΝ),1
0139,ΔΗΜΟΣ,ΠΕΡΙΣΤΕΡΙΟΥ,1
0140,ΔΗΜΟΣ,ΠΕΤΡΟΥΠΟΛΕΩΣ,1
0145,ΔΗΜΟΣ,ΧΑΪΔΑΡΙΟΥ,1
0105,ΔΗΜΟΣ,ΑΘΗΝΑΙΩΝ,1
0111,ΔΗΜΟΣ,ΒΥΡΩΝΟΣ,1
0112,ΔΗΜΟΣ,ΓΑΛΑΤΣΙΟΥ,1
0114,ΔΗΜΟΣ,ΔΑΦΝΗΣ,1
0143,ΔΗΜΟΣ,ΥΜΗΤΤΟΥ,1
0117,ΔΗΜΟΣ,ΖΩΓΡΑΦΟΥ,1
0118,ΔΗΜΟΣ,ΗΛΙΟΥΠΟΛΕΩΣ,1
0121,ΔΗΜΟΣ,ΚΑΙΣΑΡΙΑΝΗΣ,1
0133,ΔΗΜΟΣ,ΝΕΑΣ ΦΙΛΑΔΕΛΦΕΙΑΣ,1
0134,ΔΗΜΟΣ,ΝΕΑΣ ΧΑΛΚΗΔΟΝΟΣ,1
0103,ΔΗΜΟΣ,ΑΓΙΟΥ ΔΗΜΗΤΡΙΟΥ,1
0107,ΔΗΜΟΣ,ΑΛΙΜΟΥ,1
0113,ΔΗΜΟΣ,ΓΛΥΦΑΔΑΣ,1
0109,ΔΗΜΟΣ,ΑΡΓΥΡΟΥΠΟΛΕΩΣ,1
0116,ΔΗΜΟΣ,ΕΛΛΗΝΙΚΟΥ,1
0122,ΔΗΜΟΣ,ΚΑΛΛΙΘΕΑΣ,1
0128,ΔΗΜΟΣ,ΜΟΣΧΑΤΟΥ,1
0142,ΔΗΜΟΣ,ΤΑΥΡΟΥ,1
0132,ΔΗΜΟΣ,ΝΕΑΣ ΣΜΥΡΝΗΣ,1
0136,ΔΗΜΟΣ,ΠΑΛΑΙΟΥ ΦΑΛΗΡΟΥ,1
4006,ΔΗΜΟΣ,ΔΡΑΠΕΤΣΩΝΑΣ,40
4007,ΔΗΜΟΣ,ΚΕΡΑΤΣΙΝΙΟΥ,40
4008,ΔΗΜΟΣ,ΚΟΡΥΔΑΛΛΟΥ,40
4001,ΔΗΜΟΣ,ΑΓΙΟΥ ΙΩΑΝΝΟΥ ΡΕΝΤΗ,40
4011,ΔΗΜΟΣ,ΝΙΚΑΙΑΣ,40
4012,ΔΗΜΟΣ,ΠΕΙΡΑΙΩΣ,40
4013,ΔΗΜΟΣ,ΠΕΡΑΜΑΤΟΣ,40
4002,ΚΟΙΝ.,ΑΓΚΙΣΤΡΙΟΥ,40
4003,ΔΗΜΟΣ,ΑΙΓΙΝΑΣ,40
4005,ΚΟΙΝ.,ΑΝΤΙΚΥΘΗΡΩΝ,40
4009,ΔΗΜΟΣ,ΚΥΘΗΡΩΝ,40
4014,ΔΗΜΟΣ,ΠΟΡΟΥ,40
4004,ΔΗΜΟΣ,ΑΜΠΕΛΑΚΙΩΝ,40
4015,ΔΗΜΟΣ,ΣΑΛΑΜΙΝΑΣ,40
4016,ΔΗΜΟΣ,ΣΠΕΤΣΩΝ,40
4010,ΔΗΜΟΣ,ΜΕΘΑΝΩΝ,40
4017,ΔΗΜΟΣ,ΤΡΟΙΖΗΝΟΣ,40
4018,ΔΗΜΟΣ,ΥΔΡΑΣ,40
0309,ΔΗΜΟΣ,ΑΧΑΡΝΩΝ,3
0319,ΔΗΜΟΣ,ΘΡΑΚΟΜΑΚΕΔΟΝΩΝ,3
0310,ΔΗΜΟΣ,ΒΑΡΗΣ,3
0312,ΔΗΜΟΣ,ΒΟΥΛΑΣ,3
0313,ΔΗΜΟΣ,ΒΟΥΛΙΑΓΜΕΝΗΣ,3
0302,ΔΗΜΟΣ,ΑΓΙΟΥ ΣΤΕΦΑΝΟΥ,3
0305,ΔΗΜΟΣ,ΑΝΟΙΞΕΩΣ,3
0317,ΔΗΜΟΣ,ΔΙΟΝΥΣΟΥ,3
0318,ΔΗΜΟΣ,ΔΡΟΣΙΑΣ,3
0325,ΚΟΙΝ.,ΚΡΥΟΝΕΡΙΟΥ,3
0340,ΚΟΙΝ.,ΡΟΔΟΠΟΛΕΩΣ,3
0344,ΚΟΙΝ.,ΣΤΑΜΑΤΑΣ,3
0326,ΔΗΜΟΣ,ΚΡΩΠΙΑΣ,3
0301,ΚΟΙΝ.,ΑΓΙΟΥ ΚΩΝΣΤΑΝΤΙΝΟΥ,3
0323,ΔΗΜΟΣ,ΚΕΡΑΤΕΑΣ,3
0327,ΔΗΜΟΣ,ΛΑΥΡΕΩΤΙΚΗΣ,3
0311,ΚΟΙΝ.,ΒΑΡΝΑΒΑ,3
0316,ΚΟΙΝ.,ΓΡΑΜΜΑΤΙΚΟΥ,3
0329,ΔΗΜΟΣ,ΜΑΡΑΘΩΝΟΣ,3
0332,ΔΗΜΟΣ,ΝΕΑΣ ΜΑΚΡΗΣ,3
0330,ΔΗΜΟΣ,ΜΑΡΚΟΠΟΥΛΟΥ ΜΕΣΟΓΑΙΑΣ,3
0315,ΔΗΜΟΣ,ΓΛΥΚΩΝ ΝΕΡΩΝ,3
0334,ΔΗΜΟΣ,ΠΑΙΑΝΙΑΣ,3
0304,ΚΟΙΝ.,ΑΝΘΟΥΣΗΣ,3
0314,ΔΗΜΟΣ,ΓΕΡΑΚΑ,3
0336,ΔΗΜΟΣ,ΠΑΛΛΗΝΗΣ,3
0337,ΚΟΙΝ.,ΠΙΚΕΡΜΙΟΥ,3
0339,ΔΗΜΟΣ,ΡΑΦΗΝΑΣ,3
0303,ΔΗΜΟΣ,ΑΝΑΒΥΣΣΟΥ,3
0321,ΔΗΜΟΣ,ΚΑΛΥΒΙΩΝ ΘΟΡΙΚΟΥ,3
0324,ΚΟΙΝ.,ΚΟΥΒΑΡΑ,3
0335,ΚΟΙΝ.,ΠΑΛΑΙΑΣ ΦΩΚΑΙΑΣ,3
0341,ΚΟΙΝ.,ΣΑΡΩΝΙΔΟΣ,3
0306,ΔΗΜΟΣ,ΑΡΤΕΜΙΔΟΣ (ΛΟΥΤΣΑΣ),3
0343,ΔΗΜΟΣ,ΣΠΑΤΩΝ-ΛΟΥΤΣΑΣ,3
0307,ΔΗΜΟΣ,ΑΥΛΩΝΟΣ,3
0308,ΚΟΙΝ.,ΑΦΙΔΝΩΝ,3
0320,ΔΗΜΟΣ,ΚΑΛΑΜΟΥ,3
0322,ΚΟΙΝ.,ΚΑΠΑΝΔΡΙΤΙΟΥ,3
0328,ΚΟΙΝ.,ΜΑΛΑΚΑΣΗΣ,3
0331,ΚΟΙΝ.,ΜΑΡΚΟΠΟΥΛΟΥ ΩΡΩΠΟΥ,3
0338,ΚΟΙΝ.,ΠΟΛΥΔΕΝΔΡΙΟΥ,3
0345,ΚΟΙΝ.,ΣΥΚΑΜΙΝΟΥ,3
0347,ΔΗΜΟΣ,ΩΡΩΠΙΩΝ,3
1102,ΔΗΜΟΣ,ΑΣΠΡΟΠΥΡΓΟΥ,11
1104,ΔΗΜΟΣ,ΕΛΕΥΣΙΝΟΣ,11
1107,ΔΗΜΟΣ,ΜΑΓΟΥΛΑΣ,11
1103,ΔΗΜΟΣ,ΒΙΛΙΩΝ,11
1105,ΔΗΜΟΣ,ΕΡΥΘΡΩΝ,11
1108,ΔΗΜΟΣ,ΜΑΝΔΡΑΣ,11
1111,ΚΟΙΝ.,ΟΙΝΟΗΣ,11
1109,ΔΗΜΟΣ,ΜΕΓΑΡΕΩΝ,11
1110,ΔΗΜΟΣ,ΝΕΑΣ ΠΕΡΑΜΟΥ,11
1101,ΔΗΜΟΣ,ΑΝΩ ΛΙΟΣΙΩΝ,11
1106,ΔΗΜΟΣ,ΖΕΦΥΡΙΟΥ,11
1112,ΔΗΜΟΣ,ΦΥΛΗΣ,11
0401,ΚΟΙΝ.,ΑΛΕΑΣ,4
0402,ΔΗΜΟΣ,ΑΡΓΟΥΣ,4
0405,ΚΟΙΝ.,ΑΧΛΑΔΟΚΑΜΠΟΥ,4
0408,ΔΗΜΟΣ,ΚΟΥΤΣΟΠΟΔΙΟΥ,4
0410,ΔΗΜΟΣ,ΛΕΡΝΑΣ,4
0411,ΔΗΜΟΣ,ΛΥΡΚΕΙΑΣ,4
0413,ΔΗΜΟΣ,ΜΥΚΗΝΑΙΩΝ,4
0415,ΔΗΜΟΣ,ΝΕΑΣ ΚΙΟΥ,4
0404,ΔΗΜΟΣ,ΑΣΚΛΗΠΙΕΙΟΥ,4
0406,ΔΗΜΟΣ,ΕΠΙΔΑΥΡΟΥ,4
0407,ΔΗΜΟΣ,ΕΡΜΙΟΝΗΣ,4
0409,ΔΗΜΟΣ,ΚΡΑΝΙΔΙΟΥ,4
0403,ΔΗΜΟΣ,ΑΣΙΝΗΣ,4
0412,ΔΗΜΟΣ,ΜΙΔΕΑΣ,4
0414,ΔΗΜΟΣ,ΝΑΥΠΛΙΟΥ,4
0416,ΔΗΜΟΣ,ΝΕΑΣ ΤΙΡΥΝΘΑΣ,4
0503,ΔΗΜΟΣ,ΒΟΡΕΙΑΣ ΚΥΝΟΥΡΙΑΣ,5
0504,ΔΗΜΟΣ,ΒΥΤΙΝΑΣ,5
0506,ΔΗΜΟΣ,ΔΗΜΗΤΣΑΝΗΣ,5
0507,ΔΗΜΟΣ,ΗΡΑΙΑΣ,5
0508,ΔΗΜΟΣ,ΚΛΕΙΤΟΡΟΣ,5
0509,ΔΗΜΟΣ,ΚΟΝΤΟΒΑΖΑΙΝΗΣ,5
0512,ΔΗΜΟΣ,ΛΑΓΚΑΔΙΩΝ,5
0519,ΔΗΜΟΣ,ΤΡΙΚΟΛΩΝΩΝ,5
0521,ΔΗΜΟΣ,ΤΡΟΠΑΙΩΝ,5
0505,ΔΗΜΟΣ,ΓΟΡΤΥΝΟΣ,5
0516,ΔΗΜΟΣ,ΜΕΓΑΛΟΠΟΛΗΣ,5
0522,ΔΗΜΟΣ,ΦΑΛΑΙΣΙΑΣ,5
0511,ΚΟΙΝ.,ΚΟΣΜΑ,5
0514,ΔΗΜΟΣ,ΛΕΩΝΙΔΙΟΥ,5
0501,ΔΗΜΟΣ,ΤΥΡΟΥ,5
0502,ΔΗΜΟΣ,ΒΑΛΤΕΤΣΙΟΥ,5
0510,ΔΗΜΟΣ,ΚΟΡΥΘΙΟΥ,5
0513,ΔΗΜΟΣ,ΛΕΒΙΔΙΟΥ,5
0515,ΔΗΜΟΣ,ΜΑΝΤΙΝΕΙΑΣ,5
0517,ΔΗΜΟΣ,ΣΚΙΡΙΤΙΔΑΣ,5
0518,ΔΗΜΟΣ,ΤΕΓΕΑΣ,5
0520,ΔΗΜΟΣ,ΤΡΙΠΟΛΗΣ,5
0523,ΔΗΜΟΣ,ΦΑΛΑΝΘΟΥ,5
3003,ΔΗΜΟΣ,ΒΕΛΟΥ,30
3004,ΔΗΜΟΣ,ΒΟΧΑΣ,30
3002,ΔΗΜΟΣ,ΑΣΣΟΥ-ΛΕΧΑΙΟΥ,30
3006,ΔΗΜΟΣ,ΚΟΡΙΝΘΙΩΝ,30
3010,ΔΗΜΟΣ,ΣΑΡΩΝΙΚΟΥ,30
3012,ΔΗΜΟΣ,ΣΟΛΥΓΕΙΑΣ,30
3014,ΔΗΜΟΣ,ΤΕΝΕΑΣ,30
3001,ΔΗΜΟΣ,ΑΓΙΩΝ ΘΕΟΔΩΡΩΝ,30
3007,ΔΗΜΟΣ,ΛΟΥΤΡΑΚΙΟΥ-ΠΕΡΑΧΩΡΑΣ,30
3008,ΔΗΜΟΣ,ΝΕΜΕΑΣ,30
3005,ΔΗΜΟΣ,ΕΥΡΩΣΤΙΝΗΣ,30
3009,ΔΗΜΟΣ,ΞΥΛΟΚΑΣΤΡΟΥ,30
3011,ΔΗΜΟΣ,ΣΙΚΥΩΝΙΩΝ,30
3013,ΔΗΜΟΣ,ΣΤΥΜΦΑΛΙΑΣ,30
3015,ΔΗΜΟΣ,ΦΕΝΕΟΥ,30
3201,ΔΗΜΟΣ,ΑΝΑΤΟΛΙΚΗΣ ΜΑΝΗΣ,32
3205,ΔΗΜΟΣ,ΓΥΘΕΙΟΥ,32
3217,ΔΗΜΟΣ,ΟΙΤΥΛΟΥ,32
3220,ΔΗΜΟΣ,ΣΜΥΝΟΥΣ,32
3206,ΚΟΙΝ.,ΕΛΑΦΟΝΗΣΟΥ,32
3204,ΔΗΜΟΣ,ΓΕΡΟΝΘΡΩΝ,32
3207,ΔΗΜΟΣ,ΕΛΟΥΣ,32
3211,ΔΗΜΟΣ,ΚΡΟΚΕΩΝ,32
3215,ΔΗΜΟΣ,ΝΙΑΤΩΝ,32
3219,ΔΗΜΟΣ,ΣΚΑΛΑΣ,32
3202,ΔΗΜΟΣ,ΑΣΩΠΟΥ,32
3203,ΔΗΜΟΣ,ΒΟΙΩΝ,32
3208,ΔΗΜΟΣ,ΖΑΡΑΚΑ,32
3212,ΔΗΜΟΣ,ΜΟΛΑΩΝ,32
3213,ΔΗΜΟΣ,ΜΟΝΕΜΒΑΣΙΑΣ,32
3209,ΔΗΜΟΣ,ΘΕΡΑΠΝΩΝ,32
3210,ΚΟΙΝ.,ΚΑΡΥΩΝ,32
3214,ΔΗΜΟΣ,ΜΥΣΤΡΑ,32
3216,ΔΗΜΟΣ,ΟΙΝΟΥΝΤΟΣ,32
3218,ΔΗΜΟΣ,ΠΕΛΛΑΝΑΣ,32
3221,ΔΗΜΟΣ,ΣΠΑΡΤΙΑΤΩΝ,32
3222,ΔΗΜΟΣ,ΦΑΡΙΔΟΣ,32
3801,ΔΗΜΟΣ,ΑΒΙΑΣ,38
3819,ΔΗΜΟΣ,ΛΕΥΚΤΡΟΥ,38
3806,ΔΗΜΟΣ,ΑΡΙΟΣ,38
3808,ΔΗΜΟΣ,ΑΡΦΑΡΩΝ,38
3814,ΔΗΜΟΣ,ΘΟΥΡΙΑΣ,38
3816,ΔΗΜΟΣ,ΚΑΛΑΜΑΤΑΣ,38
3803,ΔΗΜΟΣ,ΑΙΠΕΙΑΣ,38
3805,ΔΗΜΟΣ,ΑΝΔΡΟΥΣΑΣ,38
3807,ΔΗΜΟΣ,ΑΡΙΣΤΟΜΕΝΟΥΣ,38
3810,ΔΗΜΟΣ,ΒΟΥΦΡΑΔΟΣ,38
3815,ΔΗΜΟΣ,ΙΘΩΜΗΣ,38
3822,ΔΗΜΟΣ,ΜΕΣΣΗΝΗΣ,38
3826,ΔΗΜΟΣ,ΠΕΤΑΛΙΔΙΟΥ,38
3828,ΚΟΙΝ.,ΤΡΙΚΟΡΦΟΥ,38
3804,ΔΗΜΟΣ,ΑΝΔΑΝΙΑΣ,38
3812,ΔΗΜΟΣ,ΔΩΡΙΟΥ,38
3813,ΔΗΜΟΣ,ΕΙΡΑΣ,38
3821,ΔΗΜΟΣ,ΜΕΛΙΓΑΛΑ,38
3824,ΔΗΜΟΣ,ΟΙΧΑΛΙΑΣ,38
3817,ΔΗΜΟΣ,ΚΟΡΩΝΗΣ,38
3820,ΔΗΜΟΣ,ΜΕΘΩΝΗΣ,38
3823,ΔΗΜΟΣ,ΝΕΣΤΟΡΟΣ,38
3825,ΔΗΜΟΣ,ΠΑΠΑΦΛΕΣΣΑ,38
3827,ΔΗΜΟΣ,ΠΥΛΟΥ,38
3831,ΔΗΜΟΣ,ΧΙΛΙΟΧΩΡΙΩΝ,38
3802,ΔΗΜΟΣ,ΑΕΤΟΥ,38
3809,ΔΗΜΟΣ,ΑΥΛΩΝΟΣ,38
3811,ΔΗΜΟΣ,ΓΑΡΓΑΛΙΑΝΩΝ,38
3818,ΔΗΜΟΣ,ΚΥΠΑΡΙΣΣΙΑΣ,38
3829,ΚΟΙΝ.,ΤΡΙΠΥΛΗΣ,38
3830,ΔΗΜΟΣ,ΦΙΛΙΑΤΡΩΝ,38
4601,ΔΗΜΟΣ,ΑΓΙΟΥ ΚΗΡΥΚΟΥ,46
4603,ΔΗΜΟΣ,ΕΥΔΗΛΟΥ,46
4607,ΔΗΜΟΣ,ΡΑΧΩΝ,46
4608,ΔΗΜΟΣ,ΦΟΥΡΝΩΝ ΚΟΡΣΕΩΝ,46
3501,ΔΗΜΟΣ,ΑΓΙΑΣ ΠΑΡΑΣΚΕΥΗΣ,35
3502,ΔΗΜΟΣ,ΑΓΙΑΣΟΥ,35
3505,ΔΗΜΟΣ,ΓΕΡΑΣ,35
3506,ΔΗΜΟΣ,ΕΡΕΣΟΥ - ΑΝΤΙΣΣΗΣ,35
3507,ΔΗΜΟΣ,ΕΥΕΡΓΕΤΟΥΛΑ,35
3508,ΔΗΜΟΣ,ΚΑΛΛΟΝΗΣ,35
3509,ΔΗΜΟΣ,ΛΟΥΤΡΟΠΟΛΕΩΣ ΘΕΡΜΗΣ,35
3510,ΔΗΜΟΣ,ΜΑΝΤΑΜΑΔΟΥ,35
3511,ΔΗΜΟΣ,ΜΗΘΥΜΝΑΣ,35
3514,ΔΗΜΟΣ,ΜΥΤΙΛΗΝΗΣ,35
3516,ΔΗΜΟΣ,ΠΕΤΡΑΣ,35
3517,ΔΗΜΟΣ,ΠΛΩΜΑΡΙΟΥ,35
3518,ΔΗΜΟΣ,ΠΟΛΙΧΝΙΤΟΥ,35
3503,ΚΟΙΝ.,ΑΓΙΟΥ ΕΥΣΤΡΑΤΙΟΥ,35
3504,ΔΗΜΟΣ,ΑΤΣΙΚΗΣ,35
3512,ΔΗΜΟΣ,ΜΟΥΔΡΟΥ,35
3513,ΔΗΜΟΣ,ΜΥΡΙΝΑΣ,35
3515,ΔΗΜΟΣ,ΝΕΑΣ ΚΟΥΤΑΛΗΣ,35
4602,ΔΗΜΟΣ,ΒΑΘΕΟΣ,46
4604,ΔΗΜΟΣ,ΚΑΡΛΟΒΑΣΙΩΝ,46
4605,ΔΗΜΟΣ,ΜΑΡΑΘΟΚΑΜΠΟΥ,46
4606,ΔΗΜΟΣ,ΠΥΘΑΓΟΡΕΙΟΥ,46
5407,ΔΗΜΟΣ,ΟΙΝΟΥΣΣΩΝ,54
5401,ΔΗΜΟΣ,ΑΓΙΟΥ ΜΗΝΑ,54
5402,ΔΗΜΟΣ,ΑΜΑΝΗΣ,54
5403,ΔΗΜΟΣ,ΙΩΝΙΑΣ,54
5404,ΔΗΜΟΣ,ΚΑΜΠΟΧΩΡΩΝ,54
5405,ΔΗΜΟΣ,ΚΑΡΔΑΜΥΛΩΝ,54
5406,ΔΗΜΟΣ,ΜΑΣΤΙΧΟΧΩΡΙΩΝ,54
5408,ΔΗΜΟΣ,ΟΜΗΡΟΥΠΟΛΗΣ,54
5409,ΔΗΜΟΣ,ΧΙΟΥ,54
5410,ΔΗΜΟΣ,ΨΑΡΩΝ,54
3103,ΔΗΜΟΣ,ΑΝΔΡΟΥ,31
3115,ΔΗΜΟΣ,ΚΟΡΘΙΟΥ,31
3130,ΔΗΜΟΣ,ΥΔΡΟΥΣΑΣ,31
3102,ΚΟΙΝ.,ΑΝΑΦΗΣ,31
3111,ΔΗΜΟΣ,ΘΗΡΑΣ,31
3121,ΚΟΙΝ.,ΟΙΑΣ,31
3112,ΔΗΜΟΣ,ΙΗΤΩΝ,31
3126,ΚΟΙΝ.,ΣΙΚΙΝΟΥ,31
3131,ΚΟΙΝ.,ΦΟΛΕΓΑΝΔΡΟΥ,31
1201,ΚΟΙΝ.,ΑΓΑΘΟΝΗΣΙΟΥ,12
1203,ΔΗΜΟΣ,ΑΣΤΥΠΑΛΑΙΑΣ,12
1210,ΔΗΜΟΣ,ΚΑΛΥΜΝΙΩΝ,12
1215,ΔΗΜΟΣ,ΛΕΙΨΩΝ,12
1216,ΔΗΜΟΣ,ΛΕΡΟΥ,12
1222,ΔΗΜΟΣ,ΠΑΤΜΟΥ,12
1212,ΔΗΜΟΣ,ΚΑΡΠΑΘΟΥ,12
1221,ΚΟΙΝ.,ΟΛΥΜΠΟΥ,12
1213,ΔΗΜΟΣ,ΚΑΣΟΥ,12
3113,ΔΗΜΟΣ,ΚΕΑΣ,31
3117,ΔΗΜΟΣ,ΚΥΘΝΟΥ,31
1206,ΔΗΜΟΣ,ΔΙΚΑΙΟΥ,12
1207,ΔΗΜΟΣ,ΗΡΑΚΛΕΙΔΩΝ,12
1214,ΔΗΜΟΣ,ΚΩ,12
1219,ΔΗΜΟΣ,ΝΙΣΥΡΟΥ,12
3114,ΚΟΙΝ.,ΚΙΜΩΛΟΥ,31
3118,ΔΗΜΟΣ,ΜΗΛΟΥ,31
3125,ΔΗΜΟΣ,ΣΕΡΙΦΟΥ,31
3127,ΔΗΜΟΣ,ΣΙΦΝΟΥ,31
3119,ΔΗΜΟΣ,ΜΥΚΟΝΟΥ,31
3101,ΔΗΜΟΣ,ΑΜΟΡΓΟΥ,31
3106,ΚΟΙΝ.,ΔΟΝΟΥΣΗΣ,31
3107,ΔΗΜΟΣ,ΔΡΥΜΑΛΙΑΣ,31
3110,ΚΟΙΝ.,ΗΡΑΚΛΕΙΑΣ,31
3116,ΚΟΙΝ.,ΚΟΥΦΟΝΗΣΙΩΝ,31
3120,ΔΗΜΟΣ,ΝΑΞΟΥ,31
3128,ΚΟΙΝ.,ΣΧΟΙΝΟΥΣΣΗΣ,31
3104,ΚΟΙΝ.,ΑΝΤΙΠΑΡΟΥ,31
3123,ΔΗΜΟΣ,ΠΑΡΟΥ,31
1218,ΔΗΜΟΣ,ΜΕΓΙΣΤΗΣ,12
1202,ΔΗΜΟΣ,ΑΡΧΑΓΓΕΛΟΥ,12
1204,ΔΗΜΟΣ,ΑΤΑΒΥΡΟΥ,12
1205,ΔΗΜΟΣ,ΑΦΑΝΤΟΥ,12
1208,ΔΗΜΟΣ,ΙΑΛΥΣΟΥ,12
1209,ΔΗΜΟΣ,ΚΑΛΛΙΘΕΑΣ,12
1211,ΔΗΜΟΣ,ΚΑΜΕΙΡΟΥ,12
1217,ΔΗΜΟΣ,ΛΙΝΔΙΩΝ,12
1220,ΔΗΜΟΣ,ΝΟΤΙΑΣ ΡΟΔΟΥ,12
1223,ΔΗΜΟΣ,ΠΕΤΑΛΟΥΔΩΝ,12
1224,ΔΗΜΟΣ,ΡΟΔΟΥ,12
1225,ΔΗΜΟΣ,ΣΥΜΗΣ,12
1226,ΔΗΜΟΣ,ΤΗΛΟΥ,12
1227,ΔΗΜΟΣ,ΧΑΛΚΗΣ,12
3105,ΔΗΜΟΣ,ΑΝΩ ΣΥΡΟΥ,31
3109,ΔΗΜΟΣ,ΕΡΜΟΥΠΟΛΕΩΣ,31
3124,ΔΗΜΟΣ,ΠΟΣΕΙΔΩΝΙΑΣ,31
3108,ΔΗΜΟΣ,ΕΞΩΜΒΟΥΡΓΟΥ,31
3122,ΚΟΙΝ.,ΠΑΝΟΡΜΟΥ,31
3129,ΔΗΜΟΣ,ΤΗΝΟΥ,31
1903,ΔΗΜΟΣ,ΑΡΧΑΝΩΝ,19
1904,ΔΗΜΟΣ,ΑΣΤΕΡΟΥΣΙΩΝ,19
1920,ΔΗΜΟΣ,ΝΙΚΟΥ ΚΑΖΑΝΤΖΑΚΗ,19
1905,ΔΗΜΟΣ,ΒΙΑΝΝΟΥ,19
1901,ΔΗΜΟΣ,ΑΓΙΑΣ ΒΑΡΒΑΡΑΣ,19
1908,ΔΗΜΟΣ,ΓΟΡΤΥΝΑΣ,19
1915,ΔΗΜΟΣ,ΚΟΦΙΝΑ,19
1921,ΔΗΜΟΣ,ΡΟΥΒΑ,19
1907,ΔΗΜΟΣ,ΓΟΡΓΟΛΑΪΝΗ,19
1912,ΔΗΜΟΣ,ΗΡΑΚΛΕΙΟΥ,19
1919,ΔΗΜΟΣ,ΝΕΑΣ ΑΛΙΚΑΡΝΑΣΣΟΥ,19
1923,ΔΗΜΟΣ,ΠΑΛΙΑΝΗΣ,19
1922,ΔΗΜΟΣ,ΤΕΜΕΝΟΥΣ,19
1906,ΔΗΜΟΣ,ΓΑΖΙΟΥ,19
1916,ΔΗΜΟΣ,ΚΡΟΥΣΩΝΑ,19
1924,ΔΗΜΟΣ,ΤΥΛΙΣΟΥ,19
1902,ΔΗΜΟΣ,ΑΡΚΑΛΟΧΩΡΙΟΥ,19
1913,ΔΗΜΟΣ,ΘΡΑΨΑΝΟΥ,19
1914,ΔΗΜΟΣ,ΚΑΣΤΕΛΛΙΟΥ,19
1911,ΔΗΜΟΣ,ΖΑΡΟΥ,19
1918,ΔΗΜΟΣ,ΜΟΙΡΩΝ,19
1925,ΔΗΜΟΣ,ΤΥΜΠΑΚΙΟΥ,19
1909,ΔΗΜΟΣ,ΓΟΥΒΩΝ,19
1910,ΔΗΜΟΣ,ΕΠΙΣΚΟΠΗΣ,19
1917,ΔΗΜΟΣ,ΜΑΛΛΙΩΝ,19
1926,ΔΗΜΟΣ,ΧΕΡΣΟΝΗΣΟΥ,19
3401,ΔΗΜΟΣ,ΑΓΙΟΥ ΝΙΚΟΛΑΟΥ,34
3409,ΚΟΙΝ.,ΒΡΑΧΑΣΙΟΥ,34
3406,ΔΗΜΟΣ,ΝΕΑΠΟΛΗΣ,34
3402,ΔΗΜΟΣ,ΙΕΡΑΠΕΤΡΑΣ,34
3405,ΔΗΜΟΣ,ΜΑΚΡΥ ΓΙΑΛΟΥ,34
3407,ΔΗΜΟΣ,ΟΡΟΠΕΔΙΟΥ ΛΑΣΙΘΙΟΥ,34
3403,ΔΗΜΟΣ,ΙΤΑΝΟΥ,34
3404,ΔΗΜΟΣ,ΛΕΥΚΗΣ,34
3408,ΔΗΜΟΣ,ΣΗΤΕΙΑΣ,34
4406,ΔΗΜΟΣ,ΛΑΜΠΗΣ,44
4411,ΔΗΜΟΣ,ΦΟΙΝΙΚΑ,44
4405,ΔΗΜΟΣ,ΚΟΥΡΗΤΩΝ,44
4410,ΔΗΜΟΣ,ΣΥΒΡΙΤΟΥ,44
4401,ΔΗΜΟΣ,ΑΝΩΓΕΙΩΝ,44
4403,ΔΗΜΟΣ,ΓΕΡΟΠΟΤΑΜΟΥ,44
4412,ΚΟΙΝ.,ΖΩΝΙΑΝΩΝ,44
4404,ΔΗΜΟΣ,ΚΟΥΛΟΥΚΩΝΑ,44
4402,ΔΗΜΟΣ,ΑΡΚΑΔΙΟΥ,44
4407,ΔΗΜΟΣ,ΛΑΠΠΑΙΩΝ,44
4408,ΔΗΜΟΣ,ΝΙΚΗΦΟΡΟΥ ΦΩΚΑ,44
4409,ΔΗΜΟΣ,ΡΕΘΥΜΝΗΣ,44
5303,ΔΗΜΟΣ,ΑΡΜΕΝΩΝ,53
5304,ΚΟΙΝ.,ΑΣΗ ΓΩΝΙΑΣ,53
5305,ΔΗΜΟΣ,ΒΑΜΟΥ,53
5308,ΔΗΜΟΣ,ΓΕΩΡΓΙΟΥΠΟΛΕΩΣ,53
5316,ΔΗΜΟΣ,ΚΡΥΟΝΕΡΙΔΑΣ,53
5324,ΔΗΜΟΣ,ΦΡΕ,53
5307,ΚΟΙΝ.,ΓΑΥΔΟΥ,53
5302,ΔΗΜΟΣ,ΑΝΑΤΟΛΙΚΟΥ ΣΕΛΙΝΟΥ,53
5312,ΔΗΜΟΣ,ΚΑΝΤΑΝΟΥ,53
5320,ΔΗΜΟΣ,ΠΕΛΕΚΑΝΟΥ,53
5311,ΔΗΜΟΣ,ΙΝΑΧΩΡΙΟΥ,53
5314,ΔΗΜΟΣ,ΚΙΣΣΑΜΟΥ,53
5318,ΔΗΜΟΣ,ΜΥΘΗΜΝΗΣ,53
5306,ΔΗΜΟΣ,ΒΟΥΚΟΛΙΩΝ,53
5315,ΔΗΜΟΣ,ΚΟΛΥΜΒΑΡΙΟΥ,53
5317,ΔΗΜΟΣ,ΜΟΥΣΟΥΡΩΝ,53
5321,ΔΗΜΟΣ,ΠΛΑΤΑΝΙΑ,53
5323,ΔΗΜΟΣ,ΣΦΑΚΙΩΝ,53
5301,ΔΗΜΟΣ,ΑΚΡΩΤΗΡΙΟΥ,53
5309,ΔΗΜΟΣ,ΕΛΕΥΘΕΡΙΟΥ ΒΕΝΙΖΕΛΟΥ,53
5310,ΔΗΜΟΣ,ΘΕΡΙΣΟΥ,53
5313,ΔΗΜΟΣ,ΚΕΡΑΜΙΩΝ,53
5319,ΔΗΜΟΣ,ΝΕΑΣ ΚΥΔΩΝΙΑΣ,53
5322,ΔΗΜΟΣ,ΣΟΥΔΑΣ,53
5325,ΔΗΜΟΣ,ΧΑΝΙΩΝ,53
